,File Name,Sample Name,Test Name,Markers,Dye,Allele1,Allele2,Allele3,Allele4,Index,Unnamed: 10,Unnamed: 11,Unnamed: 12,Unnamed: 13
24,4-94-24143$parent12_F12.fsa,4-94-24143$parent12,GenePrint_24_POP7_Panels_v1.0,AMEL,B,X,,,,1.0,,,,
25,4-94-24143$parent12_F12.fsa,4-94-24143$parent12,GenePrint_24_POP7_Panels_v1.0,CSF1PO,G,10,12,,,2.0,,,,
26,4-94-24143$parent12_F12.fsa,4-94-24143$parent12,GenePrint_24_POP7_Panels_v1.0,D10S1248,B,13,,,,3.0,,,,
27,4-94-24143$parent12_F12.fsa,4-94-24143$parent12,GenePrint_24_POP7_Panels_v1.0,D12S391,R,18,20,,,4.0,,,,
28,4-94-24143$parent12_F12.fsa,4-94-24143$parent12,GenePrint_24_POP7_Panels_v1.0,D13S317,B,8,10,,,5.0,,,,
29,4-94-24143$parent12_F12.fsa,4-94-24143$parent12,GenePrint_24_POP7_Panels_v1.0,D16S539,G,10,12,,,6.0,,,,
30,4-94-24143$parent12_F12.fsa,4-94-24143$parent12,GenePrint_24_POP7_Panels_v1.0,D18S51,G,13,14,,,7.0,,,,         
31,4-94-24143$parent12_F12.fsa,4-94-24143$parent12,GenePrint_24_POP7_Panels_v1.0,D19S433,R,13,15.2,,,8.0,,,,
32,4-94-24143$parent12_F12.fsa,4-94-24143$parent12,GenePrint_24_POP7_Panels_v1.0,D1S1656,B,15,18.3,,,9.0,,,,
33,4-94-24143$parent12_F12.fsa,4-94-24143$parent12,GenePrint_24_POP7_Panels_v1.0,D21S11,Y,28.2,32.2,,,10.0,,,,
34,4-94-24143$parent12_F12.fsa,4-94-24143$parent12,GenePrint_24_POP7_Panels_v1.0,D22S1045,R,17,,,,11.0,,,,
35,4-94-24143$parent12_F12.fsa,4-94-24143$parent12,GenePrint_24_POP7_Panels_v1.0,D2S1338,G,20,21,,,12.0,,,,
36,4-94-24143$parent12_F12.fsa,4-94-24143$parent12,GenePrint_24_POP7_Panels_v1.0,D2S441,B,11,14,,,13.0,,,,
37,4-94-24143$parent12_F12.fsa,4-94-24143$parent12,GenePrint_24_POP7_Panels_v1.0,D3S1358,B,17,18,,,14.0,,,,
38,4-94-24143$parent12_F12.fsa,4-94-24143$parent12,GenePrint_24_POP7_Panels_v1.0,D5S818,Y,10,11,,,15.0,,,,
39,4-94-24143$parent12_F12.fsa,4-94-24143$parent12,GenePrint_24_POP7_Panels_v1.0,D7S820,Y,10,11,,,16.0,,,,
40,4-94-24143$parent12_F12.fsa,4-94-24143$parent12,GenePrint_24_POP7_Panels_v1.0,D8S1179,R,10,11,,,17.0,,,,
41,4-94-24143$parent12_F12.fsa,4-94-24143$parent12,GenePrint_24_POP7_Panels_v1.0,DYS391,Y,,,,,18.0,,,,
42,4-94-24143$parent12_F12.fsa,4-94-24143$parent12,GenePrint_24_POP7_Panels_v1.0,FGA,R,21,,,,19.0,,,,
43,4-94-24143$parent12_F12.fsa,4-94-24143$parent12,GenePrint_24_POP7_Panels_v1.0,Penta D,G,9,12,,,20.0,,,,
44,4-94-24143$parent12_F12.fsa,4-94-24143$parent12,GenePrint_24_POP7_Panels_v1.0,Penta E,B,5,14,,,21.0,,,,
45,4-94-24143$parent12_F12.fsa,4-94-24143$parent12,GenePrint_24_POP7_Panels_v1.0,TH01,Y,9,,,,22.0,,,,
46,4-94-24143$parent12_F12.fsa,4-94-24143$parent12,GenePrint_24_POP7_Panels_v1.0,TPOX,Y,8,9,,,23.0,,,,
47,4-94-24143$parent12_F12.fsa,4-94-24143$parent12,GenePrint_24_POP7_Panels_v1.0,vWA,Y,17,19,,,24.0,,,,
